"1,male,Tawnya Grimwood,tgrimwood0@123-reg.co.uk,01/24/1981,04:15 AM,UZ,Uzbekistan,uz,UTC+5"
"2,male,Dylan Haugen,dhaugen1@surveymonkey.com,10/19/1984,05:59 AM,MA,Morocco,en,UTC+1"
"3,female,Welbie McGrann,wmcgrann2@about.com,08/17/1984,05:44 PM,CN,China,zh,UTC+8"
"4,male,Winnifred Hollow,whollow3@webmd.com,07/09/1996,10:47 AM,PT,Portugal,pt,UTC"
"5,male,Brandyn Schirach,bschirach4@clickbank.net,07/05/1988,07:42 PM,DO,Dominican Republic,es,UTC"
"6,male,Stanley Wahlberg,swahlberg5@rediff.com,01/10/1993,05:52 AM,PT,Portugal,pt,UTC"
"7,male,Julio Hallworth,jhallworth6@jigsy.com,08/23/1995,10:02 AM,SA,Saudi Arabia,ar,UTC+3"
"8,female,Lorie Crafter,lcrafter7@craigslist.org,06/21/1986,11:50 PM,CN,China,zh,UTC+8"
"9,male,Errol Wooton,ewooton8@cnbc.com,01/10/1995,02:47 PM,CN,China,zh,UTC+8"
"10,female,Marcel Jentgens,mjentgens9@stumbleupon.com,12/20/1999,10:04 PM,AR,Argentina,es,UTC-3"
"11,female,Bidget Van Haeften,bvana@unblog.fr,05/22/1990,11:59 AM,CA,Canada,en,UTC-5"
"12,female,Rachele Oblein,robleinb@exblog.jp,11/26/1985,09:00 PM,BG,Bulgaria,bg,UTC+2"
"13,female,Augy Gaddesby,agaddesbyc@canalblog.com,12/28/1994,03:03 AM,PE,Peru,es,UTC-5"
"14,female,Mollee Lancetter,mlancetterd@imdb.com,07/04/1989,03:25 PM,CN,China,zh,UTC+8"
"15,female,Lowe Dawidowitsch,ldawidowitsche@disqus.com,12/18/1980,02:58 AM,MX,Mexico,es,UTC-6"
"16,male,Den Di Iorio,ddif@china.com.cn,06/06/1984,11:08 PM,RW,Rwanda,rw,UTC+2"
"17,male,Nathaniel Yedy,nyedyg@sourceforge.net,08/24/1998,03:33 AM,FR,France,fr,UTC+2"
"18,male,Cull Digweed,cdigweedh@newsvine.com,11/05/1984,05:10 PM,CN,China,zh,UTC+8"
"19,male,Archibald Hakeworth,ahakeworthi@columbia.edu,10/15/1989,08:19 PM,BR,Brazil,pt,UTC-3"
"20,male,Yuri Hawker,yhawkerj@jugem.jp,01/15/1991,07:08 AM,PS,Palestinian Territory,ar,UTC+2"
